-- phpMyAdmin SQL Dump
-- version 5.0.4
-- https://www.phpmyadmin.net/
--
-- Host: localhost
-- Generation Time: Dec 14, 2020 at 06:06 PM
-- Server version: 10.4.16-MariaDB
-- PHP Version: 7.4.12

SET SQL_MODE = "NO_AUTO_VALUE_ON_ZERO";
START TRANSACTION;
SET time_zone = "+00:00";


/*!40101 SET @OLD_CHARACTER_SET_CLIENT=@@CHARACTER_SET_CLIENT */;
/*!40101 SET @OLD_CHARACTER_SET_RESULTS=@@CHARACTER_SET_RESULTS */;
/*!40101 SET @OLD_COLLATION_CONNECTION=@@COLLATION_CONNECTION */;
/*!40101 SET NAMES utf8mb4 */;

--
-- Database: `online_shop`
--

-- --------------------------------------------------------

--
-- Table structure for table `tbl_admin`
--

CREATE TABLE `tbl_admin` (
  `adminId` int(11) NOT NULL,
  `adminName` varchar(255) NOT NULL,
  `adminUser` varchar(255) NOT NULL,
  `adminEmail` varchar(255) NOT NULL,
  `adminPass` varchar(32) NOT NULL,
  `lavel` tinyint(4) NOT NULL
) ENGINE=InnoDB DEFAULT CHARSET=latin1;

--
-- Dumping data for table `tbl_admin`
--

INSERT INTO `tbl_admin` (`adminId`, `adminName`, `adminUser`, `adminEmail`, `adminPass`, `lavel`) VALUES
(1, 'Tri', 'admin', 'admin@gmail.com', 'admin', 0);

-- --------------------------------------------------------

--
-- Table structure for table `tbl_brand`
--

CREATE TABLE `tbl_brand` (
  `brandId` int(11) NOT NULL,
  `brandName` varchar(255) NOT NULL
) ENGINE=InnoDB DEFAULT CHARSET=latin1;

--
-- Dumping data for table `tbl_brand`
--

INSERT INTO `tbl_brand` (`brandId`, `brandName`) VALUES
(1, 'Females'),
(4, 'Kids'),
(5, 'Males');

-- --------------------------------------------------------

--
-- Table structure for table `tbl_cart`
--

CREATE TABLE `tbl_cart` (
  `cartId` int(11) NOT NULL,
  `sId` varchar(255) NOT NULL,
  `productId` int(11) NOT NULL,
  `productName` varchar(255) NOT NULL,
  `price` float NOT NULL,
  `quantity` int(11) NOT NULL,
  `image` varchar(255) NOT NULL
) ENGINE=InnoDB DEFAULT CHARSET=latin1;

--
-- Dumping data for table `tbl_cart`
--

INSERT INTO `tbl_cart` (`cartId`, `sId`, `productId`, `productName`, `price`, `quantity`, `image`) VALUES
(3, 'a31622a7038b61d5858b5b9a150d22a5', 10, 'Camera', 550, 1, 'upload/c769967566.jpg');

-- --------------------------------------------------------

--
-- Table structure for table `tbl_category`
--

CREATE TABLE `tbl_category` (
  `catId` int(11) NOT NULL,
  `catName` varchar(255) NOT NULL
) ENGINE=InnoDB DEFAULT CHARSET=latin1;

--
-- Dumping data for table `tbl_category`
--

INSERT INTO `tbl_category` (`catId`, `catName`) VALUES
(1, 'Males Shirt'),
(2, 'Males T-Shirt'),
(16, 'Females Shirt'),
(17, 'Females T-Shirt');

-- --------------------------------------------------------

--
-- Table structure for table `tbl_compare`
--

CREATE TABLE `tbl_compare` (
  `id` int(11) NOT NULL,
  `cmrId` int(11) NOT NULL,
  `productId` int(11) NOT NULL,
  `productName` varchar(255) NOT NULL,
  `price` float(10,2) NOT NULL,
  `image` varchar(255) NOT NULL
) ENGINE=InnoDB DEFAULT CHARSET=latin1;

-- --------------------------------------------------------

--
-- Table structure for table `tbl_customers`
--

CREATE TABLE `tbl_customers` (
  `id` int(11) NOT NULL,
  `name` varchar(60) NOT NULL,
  `address` text NOT NULL,
  `city` varchar(30) NOT NULL,
  `country` varchar(30) NOT NULL,
  `zip` varchar(30) NOT NULL,
  `phone` varchar(30) NOT NULL,
  `email` varchar(255) NOT NULL,
  `pass` varchar(32) NOT NULL
) ENGINE=InnoDB DEFAULT CHARSET=latin1;

--
-- Dumping data for table `tbl_customers`
--

INSERT INTO `tbl_customers` (`id`, `name`, `address`, `city`, `country`, `zip`, `phone`, `email`, `pass`) VALUES
(1, 'Tri', '58/22 Dong Nai', 'Ho Chi Minh city', 'VietNam', '1219', '01974353555', 'tri@gmail.com', '123');

-- --------------------------------------------------------

--
-- Table structure for table `tbl_order`
--

CREATE TABLE `tbl_order` (
  `id` int(11) NOT NULL,
  `cmrId` int(11) NOT NULL,
  `productId` int(11) NOT NULL,
  `productName` varchar(255) NOT NULL,
  `quantity` int(11) NOT NULL,
  `price` float NOT NULL,
  `image` varchar(255) NOT NULL,
  `date` datetime NOT NULL DEFAULT current_timestamp(),
  `status` int(11) NOT NULL DEFAULT 0
) ENGINE=InnoDB DEFAULT CHARSET=latin1;

--
-- Dumping data for table `tbl_order`
--

INSERT INTO `tbl_order` (`id`, `cmrId`, `productId`, `productName`, `quantity`, `price`, `image`, `date`, `status`) VALUES
(12, 1, 9, 'Monitor', 1, 5000, 'upload/ae748749b8.jpg', '2018-03-02 12:29:03', 2),
(13, 1, 10, 'Camera', 3, 1650, 'upload/c769967566.jpg', '2018-03-02 12:29:03', 1);

-- --------------------------------------------------------

--
-- Table structure for table `tbl_product`
--

CREATE TABLE `tbl_product` (
  `productId` int(11) NOT NULL,
  `productName` varchar(255) NOT NULL,
  `catId` int(11) NOT NULL,
  `brandId` int(11) NOT NULL,
  `body` text NOT NULL,
  `price` float NOT NULL,
  `image` varchar(255) NOT NULL,
  `type` tinyint(4) NOT NULL DEFAULT 0
) ENGINE=InnoDB DEFAULT CHARSET=latin1;

--
-- Dumping data for table `tbl_product`
--

INSERT INTO `tbl_product` (`productId`, `productName`, `catId`, `brandId`, `body`, `price`, `image`, `type`) VALUES
(11, 'Shirt 1', 1, 5, 'FREE Pick-up in UNIQLO store\r\nGet free express delivery when you spend over £70!', 12.9, 'upload/1.jpg', 1),
(12, 'Shirt 2', 1, 5, 'FREE Pick-up in UNIQLO store\r\nGet free express delivery when you spend over £70!', 24.9, 'upload/2.jpg', 1),
(13, 'T- Shirt 3', 2, 5, 'FREE Pick-up in UNIQLO store\r\nGet free express delivery when you spend over £70!', 20, 'upload/3.jpg', 1),
(14, 'T - Shirt 4', 2, 5, 'FREE Pick-up in UNIQLO store\r\nGet free express delivery when you spend over £70!', 20, 'upload/4.jpg', 1),
(15, 'Female Shirt 6', 16, 1, 'FREE Pick-up in UNIQLO store\r\nGet free express delivery when you spend over £70!', 20, 'upload/5.jpg', 0),
(16, 'Female Shirt 5', 16, 1, 'FREE Pick-up in UNIQLO store\r\nGet free express delivery when you spend over £70!', 20, 'upload/6.jpg', 0),
(17, 'Female T-Shirt 7', 17, 1, 'FREE Pick-up in UNIQLO store\r\nGet free express delivery when you spend over £70!', 20, 'upload/7.jpg', 0),
(18, 'Female T-Shirt 8', 17, 1, 'FREE Pick-up in UNIQLO store\r\nGet free express delivery when you spend over £70!', 20, 'upload/8.jpg', 0);

-- --------------------------------------------------------

--
-- Table structure for table `tbl_wlist`
--

CREATE TABLE `tbl_wlist` (
  `id` int(11) NOT NULL,
  `cmrId` int(11) NOT NULL,
  `productId` int(11) NOT NULL,
  `productName` varchar(255) NOT NULL,
  `price` float(10,2) NOT NULL,
  `image` varchar(255) NOT NULL
) ENGINE=InnoDB DEFAULT CHARSET=latin1;

--
-- Dumping data for table `tbl_wlist`
--

INSERT INTO `tbl_wlist` (`id`, `cmrId`, `productId`, `productName`, `price`, `image`) VALUES
(6, 1, 7, 'Fan', 880.00, 'upload/8f9f7b4ade.jpg');

--
-- Indexes for dumped tables
--

--
-- Indexes for table `tbl_admin`
--
ALTER TABLE `tbl_admin`
  ADD PRIMARY KEY (`adminId`);

--
-- Indexes for table `tbl_brand`
--
ALTER TABLE `tbl_brand`
  ADD PRIMARY KEY (`brandId`);

--
-- Indexes for table `tbl_cart`
--
ALTER TABLE `tbl_cart`
  ADD PRIMARY KEY (`cartId`);

--
-- Indexes for table `tbl_category`
--
ALTER TABLE `tbl_category`
  ADD PRIMARY KEY (`catId`);

--
-- Indexes for table `tbl_compare`
--
ALTER TABLE `tbl_compare`
  ADD PRIMARY KEY (`id`);

--
-- Indexes for table `tbl_customers`
--
ALTER TABLE `tbl_customers`
  ADD PRIMARY KEY (`id`);

--
-- Indexes for table `tbl_order`
--
ALTER TABLE `tbl_order`
  ADD PRIMARY KEY (`id`);

--
-- Indexes for table `tbl_product`
--
ALTER TABLE `tbl_product`
  ADD PRIMARY KEY (`productId`);

--
-- Indexes for table `tbl_wlist`
--
ALTER TABLE `tbl_wlist`
  ADD PRIMARY KEY (`id`);

--
-- AUTO_INCREMENT for dumped tables
--

--
-- AUTO_INCREMENT for table `tbl_admin`
--
ALTER TABLE `tbl_admin`
  MODIFY `adminId` int(11) NOT NULL AUTO_INCREMENT, AUTO_INCREMENT=2;

--
-- AUTO_INCREMENT for table `tbl_brand`
--
ALTER TABLE `tbl_brand`
  MODIFY `brandId` int(11) NOT NULL AUTO_INCREMENT, AUTO_INCREMENT=6;

--
-- AUTO_INCREMENT for table `tbl_cart`
--
ALTER TABLE `tbl_cart`
  MODIFY `cartId` int(11) NOT NULL AUTO_INCREMENT, AUTO_INCREMENT=4;

--
-- AUTO_INCREMENT for table `tbl_category`
--
ALTER TABLE `tbl_category`
  MODIFY `catId` int(11) NOT NULL AUTO_INCREMENT, AUTO_INCREMENT=26;

--
-- AUTO_INCREMENT for table `tbl_compare`
--
ALTER TABLE `tbl_compare`
  MODIFY `id` int(11) NOT NULL AUTO_INCREMENT, AUTO_INCREMENT=4;

--
-- AUTO_INCREMENT for table `tbl_customers`
--
ALTER TABLE `tbl_customers`
  MODIFY `id` int(11) NOT NULL AUTO_INCREMENT, AUTO_INCREMENT=2;

--
-- AUTO_INCREMENT for table `tbl_order`
--
ALTER TABLE `tbl_order`
  MODIFY `id` int(11) NOT NULL AUTO_INCREMENT, AUTO_INCREMENT=14;

--
-- AUTO_INCREMENT for table `tbl_product`
--
ALTER TABLE `tbl_product`
  MODIFY `productId` int(11) NOT NULL AUTO_INCREMENT, AUTO_INCREMENT=19;

--
-- AUTO_INCREMENT for table `tbl_wlist`
--
ALTER TABLE `tbl_wlist`
  MODIFY `id` int(11) NOT NULL AUTO_INCREMENT, AUTO_INCREMENT=7;
COMMIT;

/*!40101 SET CHARACTER_SET_CLIENT=@OLD_CHARACTER_SET_CLIENT */;
/*!40101 SET CHARACTER_SET_RESULTS=@OLD_CHARACTER_SET_RESULTS */;
/*!40101 SET COLLATION_CONNECTION=@OLD_COLLATION_CONNECTION */;
